{
  "current-scene": "2a9ba6af-5dc4-4684-9564-08091c88d237",
  "gizmos-infos": {
    "is2D": false,
    "is3DIcon": false,
    "iconSize": 0.5,
    "gridVisible": true,
    "gridColor": [
      150,
      150,
      150,
      255
    ],
    "iconGizmoSize": 0.5,
    "isGridVisible": true,
    "isIconGizmo3D": false
  },
  "camera-infos": {
    "2a9ba6af-5dc4-4684-9564-08091c88d237": {
      "position": {
        "x": 31.236555371496095,
        "y": 6.1104757427876475,
        "z": -5.79531957320598
      },
      "rotation": {
        "x": -0.07535126328463224,
        "y": 0.688552199991511,
        "z": 0.0722982156116955,
        "w": 0.7176287501400531
      },
      "viewCenter": {
        "x": -6.061079799104558,
        "y": -1.8161453383910162,
        "z": -7.3384359800453005
      }
    },
    "f46876e4-e81b-4931-b493-6d367be385e7": {
      "position": {
        "x": -440.5448460474413,
        "y": -341.74445438601083,
        "z": 5000
      },
      "rotation": {
        "x": 0,
        "y": 0,
        "z": 0,
        "w": 1
      },
      "viewCenter": {
        "x": 0,
        "y": 0,
        "z": 0
      }
    }
  },
  "camera-uuids": [
    "2a9ba6af-5dc4-4684-9564-08091c88d237"
  ],
  "float-window": {
    "position": {
      "cc": {
        "Camera": {
          "dock": false,
          "top": null,
          "bottom": 10,
          "left": null,
          "right": 10
        }
      }
    }
  },
  "camera": {
    "fov": 9,
    "far": 10000
  }
}
