{
  "current-scene": "2a9ba6af-5dc4-4684-9564-08091c88d237",
  "gizmos-infos": {
    "is2D": false,
    "is3DIcon": false,
    "iconSize": 0.1,
    "gridVisible": true,
    "gridColor": [
      150,
      150,
      150,
      255
    ],
    "iconGizmoSize": 0.1,
    "isGridVisible": true,
    "isIconGizmo3D": false
  },
  "camera-infos": {
    "2a9ba6af-5dc4-4684-9564-08091c88d237": {
      "position": {
        "x": -253.72504294959003,
        "y": 1518.897832737088,
        "z": 4692.887448144518
      },
      "rotation": {
        "x": -0.08795364821256252,
        "y": -0.08801823785923579,
        "z": -0.007802402632068914,
        "w": 0.9921975952820199
      },
      "viewCenter": {
        "x": 585.4950000000001,
        "y": 666.9999999999999,
        "z": 0
      }
    },
    "f46876e4-e81b-4931-b493-6d367be385e7": {
      "position": {
        "x": 50,
        "y": 50,
        "z": 50
      },
      "rotation": {
        "x": -0.27984814233312133,
        "y": 0.3647051996310009,
        "z": 0.11591689595929514,
        "w": 0.8804762392171493
      },
      "viewCenter": {
        "x": 0,
        "y": 0,
        "z": 0
      }
    },
    "96ed58a9-97f9-45c4-b59b-2de63103428d": {
      "position": {
        "x": 48.674848437342995,
        "y": 50.138848437342986,
        "z": 50.28484843734297
      },
      "rotation": {
        "x": -0.27984814233312133,
        "y": 0.3647051996310009,
        "z": 0.11591689595929514,
        "w": 0.8804762392171493
      },
      "viewCenter": {
        "x": 0,
        "y": 1.464,
        "z": 1.61
      }
    },
    "4788a842-ceb0-4a3a-9dc5-279927bc9fbd": {
      "position": {
        "x": -6.7596043779816934,
        "y": 10.757546235105305,
        "z": 73.50250944718877
      },
      "rotation": {
        "x": -0.054321719212609094,
        "y": -0.02041272355155929,
        "z": -0.0011107267026271616,
        "w": 0.9983141979147053
      },
      "viewCenter": {
        "x": -3.706018198189565,
        "y": 2.603896601345461,
        "z": -1.1363283215182065
      }
    },
    "0e90c5a0-37e2-4308-86b4-8877779294a0": {
      "position": {
        "x": 321.72206283014685,
        "y": 321.72206283014685,
        "z": 321.72206283014674
      },
      "rotation": {
        "x": -0.27984814233312133,
        "y": 0.3647051996310009,
        "z": 0.11591689595929514,
        "w": 0.8804762392171493
      },
      "viewCenter": {
        "x": 0,
        "y": 0,
        "z": 0
      }
    },
    "37c7161a-24db-4af6-ab4d-b239b5ed3bc9": {
      "position": {
        "x": 36.939843830741154,
        "y": 26.135693926309514,
        "z": 42.72145944133602
      },
      "rotation": {
        "x": -0.20149957920293537,
        "y": 0.3408096502215253,
        "z": 0.07503519551696947,
        "w": 0.9152138660996701
      },
      "viewCenter": {
        "x": 0,
        "y": 0,
        "z": 0
      }
    }
  },
  "camera-uuids": [
    "2a9ba6af-5dc4-4684-9564-08091c88d237"
  ],
  "float-window": {
    "position": {
      "cc": {
        "Camera": {
          "dock": false,
          "top": null,
          "bottom": 10,
          "left": null,
          "right": 10
        }
      }
    }
  },
  "camera": {
    "fov": 9,
    "far": 10000,
    "near": 0.01,
    "color": [
      48,
      48,
      48,
      255
    ],
    "wheelSpeed": 0.01,
    "wanderSpeed": 10,
    "enableAcceleration": true,
    "far2D": 10000,
    "near2D": 1,
    "wheelSpeed2D": 6,
    "size": "__default_design__"
  },
  "scene": {
    "native": false
  }
}
