{
  "current-scene": "2a9ba6af-5dc4-4684-9564-08091c88d237",
  "gizmos-infos": {
    "iconGizmoSize": 2,
    "isGridVisible": true,
    "isIconGizmo3D": false
  },
  "camera-infos": {
    "2a9ba6af-5dc4-4684-9564-08091c88d237": {
      "position": {
        "x": -558.178813948082,
        "y": 513.0887224496696,
        "z": 1061.964186298224
      },
      "rotation": {
        "w": 0.9516624322869688,
        "x": -0.19355861755360795,
        "y": -0.23369727268160656,
        "z": -0.04753168717356722
      },
      "viewCenter": {
        "x": -1.3156450908117279,
        "y": 2.953462609319733,
        "z": -3.491665268507096
      }
    },
    "f46876e4-e81b-4931-b493-6d367be385e7": {
      "position": {
        "x": 0.0167082294331074,
        "y": 2.3138855248339816,
        "z": 4.4323418881030605
      },
      "rotation": {
        "w": 0.971202340999531,
        "x": -0.23824873635051438,
        "y": 0.0018305237166662907,
        "z": 0.00044905159712295374
      },
      "viewCenter": {
        "x": 0,
        "y": 0,
        "z": 0
      }
    }
  },
  "camera-uuids": [
    "2a9ba6af-5dc4-4684-9564-08091c88d237"
  ]
}
